Cronica;Titulo;Apodo
La manada del cuerno Helado;Hombre Lobo 20 Aniversario.pdf;Wolffair
La manada del cuerno Helado;Hombre Lobo 20 Aniversario.pdf;Nimen
La manada del cuerno Helado;Hombre Lobo 20 Aniversario.pdf;Kaghyi
La manada del cuerno Helado;Hombre Lobo 20 Aniversario.pdf;Nickrom
La manada del cuerno Helado;Hombre Lobo 20 Aniversario.pdf;Krim
La manada del cuerno Helado;Hombre Lobo 20 Aniversario.pdf;Darkgeleon
La manada del cuerno Helado;Hombre Lobo 20 Aniversario.pdf;Metal
La manada del cuerno Helado;Hombre Lobo 20 Aniversario.pdf;Daning
Historias de Rokugan;La Leyenda de los Cinco Anillos.pdf;Nimen
Historias de Rokugan;La Leyenda de los Cinco Anillos.pdf;Kaghyi
Historias de Rokugan;La Leyenda de los Cinco Anillos.pdf;Nickrom
Historias de Rokugan;La Leyenda de los Cinco Anillos.pdf;Krim
Historias de Rokugan;La Leyenda de los Cinco Anillos.pdf;Maximilion
Historias de Rokugan;La Leyenda de los Cinco Anillos.pdf;Xou
Historias de Rokugan;La Leyenda de los Cinco Anillos.pdf;Alastor
Historias de Rokugan;La Leyenda de los Cinco Anillos.pdf;Wolffair
Historias de Rokugan;La Leyenda de los Cinco Anillos.pdf;Daning
Espejito espejito;La Leyenda de los Cinco Anillos.pdf;Nimen
Espejito espejito;La Leyenda de los Cinco Anillos.pdf;Kaghyi
Espejito espejito;La Leyenda de los Cinco Anillos.pdf;Nickrom
Espejito espejito;La Leyenda de los Cinco Anillos.pdf;Wolffair
El ultimo campeonato topacio;La Leyenda de los Cinco Anillos.pdf;Nimen
El ultimo campeonato topacio;La Leyenda de los Cinco Anillos.pdf;Kaghyi
El ultimo campeonato topacio;La Leyenda de los Cinco Anillos.pdf;Wolffair
Aventura de locura;D&D - 3.5 - Manual del Jugador I.pdf;Nimen
Aventura de locura;D&D - 3.5 - Manual del Jugador I.pdf;Kaghyi
Aventura de locura;D&D - 3.5 - Manual del Jugador I.pdf;Nickrom
Aventura de locura;D&D - 3.5 - Manual del Jugador I.pdf;Krim
Aventura de locura;D&D - 3.5 - Manual del Jugador I.pdf;Daning
Aventura de locura;D&D - 3.5 - Manual del Jugador I.pdf;Wolffair
Aventura de locura;D&D - 3.5 - Manual del Jugador II.pdf;Nimen
Aventura de locura;D&D - 3.5 - Manual del Jugador II.pdf;Kaghyi
Aventura de locura;D&D - 3.5 - Manual del Jugador II.pdf;Nickrom
Aventura de locura;D&D - 3.5 - Manual del Jugador II.pdf;Krim
Aventura de locura;D&D - 3.5 - Manual del Jugador II.pdf;Daning
Aventura de locura;D&D - 3.5 - Manual del Jugador II.pdf;Wolffair
Aventura de locura;D&D - 3.5 - Guia del Dungeon Master I.pdf;Darkgeleon
Aventura de locura;D&D - 3.5 - Guía del Dungeon Master II.pdf;Darkgeleon
Una historia de dioses;D&D 4 Ed - Manual del Jugador 1.pdf;Kaghyi
Una historia de dioses;D&D 4 Ed - Manual del Jugador 1.pdf;Nickrom
Una historia de dioses;D&D 4 Ed - Manual del Jugador 1.pdf;Krim
Una historia de dioses;D&D 4 Ed - Manual del Jugador 1.pdf;Daning
Una historia de dioses;D&D 4 Ed - Manual del Jugador 1.pdf;Wolffair
Una historia de dioses;D&D 4 Ed - Manual del Jugador 2.pdf;Kaghyi
Una historia de dioses;D&D 4 Ed - Manual del Jugador 2.pdf;Nickrom
Una historia de dioses;D&D 4 Ed - Manual del Jugador 2.pdf;Krim
Una historia de dioses;D&D 4 Ed - Manual del Jugador 2.pdf;Daning
Una historia de dioses;D&D 4 Ed - Manual del Jugador 2.pdf;Wolffair
Una historia de dioses;D&D 4 Ed - Manual del Jugador 3.pdf;Kaghyi
Una historia de dioses;D&D 4 Ed - Manual del Jugador 3.pdf;Nickrom
Una historia de dioses;D&D 4 Ed - Manual del Jugador 3.pdf;Krim
Una historia de dioses;D&D 4 Ed - Manual del Jugador 3.pdf;Daning
Una historia de dioses;D&D 4 Ed - Manual del Jugador 3.pdf;Wolffair
Una historia de dioses;D&D 4 Ed - Guia del Dungeon Master 1.pdf;Nimen
Una historia de dioses;D&D 4 Ed - Guia del Dungeon Master 2.pdf;Nimen
Perdida de tiempo;Vampiro 20 Aniversario.pdf;Wolffair
Perdida de tiempo;Vampiro 20 Aniversario.pdf;Nimen
Perdida de tiempo;Vampiro 20 Aniversario.pdf;Kaghyi
Perdida de tiempo;Vampiro 20 Aniversario.pdf;Nickrom
Perdida de tiempo;Vampiro 20 Aniversario.pdf;Krim
Perdida de tiempo;Vampiro 20 Aniversario.pdf;Darkgeleon
Perdida de tiempo;Vampiro 20 Aniversario.pdf;Alastor
Perdida de tiempo;Vampiro 20 Aniversario.pdf;Daning
Perdida de tiempo;Vampiro 20 Aniversario.pdf;Xou
Perdida de tiempo;Vampiro 20 Aniversario.pdf;Maximilion
Razas Cambiantes;Hombre Lobo 20 Aniversario.pdf;Wolffair
Razas Cambiantes;Hombre Lobo 20 Aniversario.pdf;Nimen
Razas Cambiantes;Hombre Lobo 20 Aniversario.pdf;Kaghyi
Razas Cambiantes;Hombre Lobo 20 Aniversario.pdf;Daning
Razas Cambiantes;Hombre Lobo 20 Aniversario.pdf;Metal
Razas Cambiantes;Razas Cambiantes.pdf;Wolffair
Razas Cambiantes;Razas Cambiantes.pdf;Nimen
Razas Cambiantes;Razas Cambiantes.pdf;Kaghyi
Razas Cambiantes;Razas Cambiantes.pdf;Daning
Razas Cambiantes;Razas Cambiantes.pdf;Metal
Magia en NY;Mago20 La Ascension;Nimen
Magia en NY;Mago20 La Ascension;Kaghyi
Magia en NY;Mago20 La Ascension;Daning
Magia en NY;Mago20 La Ascension;Metal
Magia en NY;Mago20 La Ascension;Wolffair
